67.06621713890046,14.090816783052704
58.823134951049816,73.0978358779722
50.73766141664231,10.642383469782136
90.61139781410003,43.34068264828281
73.5699788347764,65.15600133395104
57.57193117429884,76.460710809803
47.93307183218592,9.654424759327924
25.883607641222167,35.51360549488298
84.34590238336375,34.4292277652543
40.471089265460876,76.38084464792799
24.294948747558255,58.695664439484005
33.86740755970739,43.24658606821487
53.1359549813557,78.35517757247143
60.375936171916486,10.429215324225
79.96492357387744,59.69841754334313
56.90404982579823,74.3546019579059
53.133908678718726,29.840418345895635
53.63108110928113,78.84094441837598
34.52163765655624,74.58574950677433
81.75780691654398,55.96459014235259
27.05902492106895,46.63175930469087
69.90406131456827,67.1304583317902
24.333745237964923,23.178006228465154
65.8456730721162,69.37568422304825
37.341209191667495,77.99105085611059
21.416574944225868,26.58964708289452
72.8242711411844,15.999711497181538
70.10482510719605,74.18623495492157
56.06464830396617,78.12457055643475
79.93932849139316,68.2129632866323
59.59533686349447,80.21936830310177
40.50730768745401,74.85323095046391
40.79142496042341,76.48838262560541
63.796435315406015,74.85930872063422
37.4655812402968,74.62070764070153
64.69073238091043,14.641040641117465
40.67589428466878,68.69075595098542
41.16008766671231,76.61582797102602
39.815784352585915,77.48878145729158
32.94465683232776,15.402492643312462
51.03513028569755,80.8245954564164
55.342178210367535,9.49381136410806
72.77273525189601,16.705785734518322
44.3078518379529,80.2983707567584
43.69478118543553,10.416633614107191
70.6312318656336,32.0562430283345
80.71212670294086,25.71513957394037
73.75222519761056,41.235281077630525
33.58046825198329,70.64822687026093
45.03279020847282,77.12790220526574
42.166522593548365,58.57415691768381
75.45740728927659,66.78499280796572
49.28117857389518,15.082866685291282
71.25952320257116,68.40940512678327
58.87969992420942,11.865199165313124
31.82855129975429,71.37721891123292
78.47241794330606,21.01947628514733
61.78329811486795,70.17147132497867
56.344688652014895,69.48807739217332
49.772925384773714,79.37962607037718
63.941781920661306,74.9852996026665
68.813038817904,67.17370482211378
34.27984540757651,28.94981137999554
28.219233292822356,17.73890695306469
56.187702305844226,10.617169306782797
43.69339161680915,77.24964613283244
48.66206415248171,73.96343638641244
51.41480841005939,78.14494585061027
54.510711245549686,78.1189933344772
28.265992015472804,27.719867398926553
33.14813139277009,25.456290178759247
18.6387623733395,49.43986404426807
40.84503122722851,74.38179548596388
80.45240923276245,63.173620873661164
38.76312567203269,76.62195762857696
45.85764986130783,16.752853137837548
62.87801984858083,11.382666757291611
29.608256859071616,16.30478100276519
31.17576989833395,54.30597718405874
82.91066749375777,54.02307615649139
46.166311066399615,15.896766131749803
65.03230977520897,75.00438224534922
46.54112436124881,10.617038518426186
61.15107378254402,22.842744202724475
66.68759842308306,61.13193159715795
81.5396938315351,58.67875549676721
82.49854038523173,27.672878300654006
71.65431580715497,70.33010562881343
68.88498603481882,59.287453848822075
47.74371899928442,11.57279317548521
19.24871889650087,57.7249916194845
58.47391159693504,11.2274973815694
63.151867143510856,73.33336996804941
82.46686520346907,58.34314174539835
43.376643385686265,72.72641100188866
26.72894116832793,67.40197168812296
44.48688352578203,77.91642780525841
68.75303164759553,62.059327175367166
82.87065081224557,24.636666861747067
78.91659801395565,39.646226307727744
65.0846844408963,21.65857328481097
66.8928950740025,20.330163051690327
23.56196976048046,57.738991444229235
31.665118183236903,71.48841618507649
59.41367741099933,16.89483243951983
47.1241190218891,80.72880077481689
70.07790128205188,17.046234259267464
49.90434440486626,18.762738380843377
72.24963644496204,59.78200129495532
51.05903905292288,78.75876338656482
42.89971636575302,8.927423922053666
80.77395913955058,21.40814662163884
82.4159976779707,56.64994192246923
73.28007463571251,14.79595786207052
38.515122094079835,29.378755426422234
42.325107067823495,79.07004028938995
50.193014185816025,78.47102567778974
69.72713702363517,15.218498583603212
64.62653696657821,23.89802048879055
83.97496365199665,33.00491325711948
36.30295974118801,74.74529790962674
53.141843229334114,10.603761902673943
59.073487897169706,79.57523181121186
57.2966347763924,11.33505181661799
47.285967815360905,28.23002943147498
60.4599516653616,76.6748859569582
41.4488262958766,11.994585969775098
81.8141756592886,59.76860938254482
50.69923490850178,70.32471647319059
47.924658948962595,75.12375773630373
76.68206382670286,69.96190798452439
46.805717772515365,78.27473039618776
59.060050425176286,12.611339498731564
65.5590758840358,23.8345877272408
37.787177039728036,36.15034485014936
51.76392585185826,8.913298268823322
71.34649325756321,31.351397352591533
16.722395390216747,41.390750029508936
56.40655508244974,10.286933410080723
63.21536392972412,75.96942868883205
61.88223052430007,63.486360819307585
58.29367648948464,77.9491230498454
27.726663468085906,67.38604537814022
72.33272984763764,13.998700542811067
64.14678444929929,74.53349689693383
48.32744233239833,80.00387558408674
38.788997039554175,76.66735513336333
49.13819522549405,11.03237150643205
69.9393092213121,29.245592636431255
48.852320675892024,78.6100258533853
38.01765359559545,78.29914395693804
69.76581798501793,74.93965174205623
79.41595022044969,17.66817591993222
43.68162482266817,74.69907932470679
78.4172812517187,29.287655949098472
47.33351391427615,12.410679155873455
29.078609447610248,37.60038583738445
31.821657307541667,30.76582097537349
53.30868819436384,80.97807742254209
48.536336623396906,80.64187941669876
46.183761161227835,80.82059227798608
43.29069600964731,19.519686235281544
55.144861047680145,80.20929963937617
80.71541754788787,56.289653801821885
40.39933311069436,10.665747692985162
62.64871620681583,25.971155581297328
65.25221479913824,76.02778340125808
54.19883230790808,25.52045992887183
53.571205183971216,5.891355053539594
78.86607616844152,24.225650557411726
41.44809613149622,8.675435255206311
59.25096316655397,21.718084530429646
46.978403022782544,8.353005703622832
45.06234913382327,68.17626340481114
22.18511323997192,60.70204450786395
49.824472630136704,67.5396193081028
33.737730242556765,71.11453439279191
68.93134222508152,23.106170947633604
79.35317707193977,31.864486684977763
46.50841571876946,21.57481512300534
58.80374406685532,74.89155309590076
62.37871754610831,75.17991703214167
42.97851007424905,78.8539632640394
69.72587430147053,13.040435772460086
79.2624083126877,21.84274493136685
85.27313787337833,39.96328939375684
61.370448493545034,8.584460350317098
54.23349670986482,10.069448959353709
55.77193646898962,11.555743068305363
49.8783413047552,82.10562379440819
67.76273400701653,72.88844418286233
73.29344802955815,18.33263609116377
72.62517825693946,56.400924416291154
30.296227997308037,70.7367766019912
57.85993984281278,11.507562733101645
50.52183275567924,10.740430720817372
34.685418638427954,49.524408011416135
25.538886199881784,65.39685839274568
66.98386872738368,74.4818935996991
61.28465858525489,80.9204656649139
51.7390963935381,77.1502323077843
62.054945950410485,9.979698914121364
51.60542549979653,79.2940366640531
33.97646174874296,72.2773371420119
34.88325589896835,12.369810461548507
19.738816734062894,31.925517580408837
42.4170398344382,26.627421037017434
60.047552563725304,77.65055956626396
42.85234851588194,16.202521858319223
40.31318046697355,76.36807928075152
47.770628553599735,72.0316074208618
53.5137468567165,80.79867299039049
84.31102767035794,50.27046720486415
69.02059660702693,74.74866425001049
57.95188626473356,14.296586092395989
77.2585807342106,18.362638496781106
41.320211869100966,16.828848334464762
35.22526391241438,74.02469933456679
30.079186005225143,39.08171006719462
74.43810585441527,69.74579978345096
68.89103460647524,72.44214031755762
57.13881626517098,20.08977291154618
52.70503643145856,9.666499532182774
36.442219653036354,77.18035858534806
79.58929187488897,63.974085261432435
61.06172151476089,67.88230161591885
83.42851590698672,30.608422779052407
65.11252198413301,11.661492254191026
55.980355137027864,77.7575237501202
33.201172206100594,71.74136997939614
25.65974437308974,39.7509146904465
58.26401047269168,78.85213988350083
64.42742473471395,13.216682037976444
65.68740219722633,74.50049645142386
60.32310950031508,80.68431493967533
32.630679829533705,27.73081566955262
46.85257985966578,20.365226136565994
53.67068798468642,14.095378705198712
29.33383648205351,19.85884226162759
45.32353728444213,9.478113113891444
34.354312000142855,31.188158862163448
52.04349538137894,18.62743731674197
32.175564311616625,32.86677727729588
77.05307350771552,24.251876761623926
41.313952797179525,61.79199755682164
53.19332035836592,80.83361547923523
62.89771217934975,77.44240758918423
48.786399467523054,21.12485966408276
55.32618841973722,80.47801766653053
74.68578637036856,65.74135199328188
