63.28765809899467,33.30501674641243
59.24980324046435,0.0
70.23277972374139,37.84020320642896
71.8620003324256,8.873803679730354
56.05479329877363,41.276030372115585
62.30893920352602,35.96206529572912
27.798646464589538,83.4061873260774
71.59743019540959,39.5374364836523
49.36635687444826,26.218850167746726
78.62785936909434,36.23870702314913
50.310536175558894,34.74811139391309
64.03524697816205,60.504047816554866
68.48182741567078,43.35029939933724
42.132149817791095,22.016486829477834
38.10663758164279,33.640461634703755
79.43062103996222,65.87005029871828
45.44517525878994,38.5909584482022
76.50243903115397,0.0
56.536184155470664,59.4728712693222
58.18174933479351,38.583342361109466
65.55799915869338,75.16608877062876
18.721016891782433,41.5595623691826
85.61733616967825,49.57822629758209
58.37585161151184,98.28304433486834
48.66397617112206,38.06788399516367
1.4206211674501137,70.8928563521452
87.2556730094672,44.18890737384016
76.39808414958019,63.88228029707327
45.80426708747505,27.1611485184609
59.491514858558986,100.0
61.412830825890005,35.46421000492071
58.67634210320434,71.64985092625993
43.74684968189032,32.30893637851713
73.95402394919374,73.23415782809258
30.815460375368385,45.85124058188463
47.31642241887387,97.91130582860616
56.758636837034665,0.28314703427946136
74.42376711334155,33.99631907038679
58.792926004185624,36.59445947513295
65.93564042750381,35.339601817822036
80.43607468391504,100.0
74.56796405630772,53.42437440770518
77.01007729595011,68.11247849549943
71.32431516924923,16.44059637124368
73.59892100894977,16.405503355724083
36.442849722992136,72.58545295136359
50.873328837632286,100.0
57.633439532427914,5.023057454486324
57.32538269587832,37.51921491380811
37.79203489440865,90.71053157060689
66.0937921651119,5.55388129832842
23.811640962690923,62.426328224920326
47.70544919985387,100.0
50.913857567278846,53.174261198893
41.47126625325486,17.974851174999156
50.82169028390524,87.78937836460638
59.97811547329084,46.305873952895126
13.531270430060179,9.321897443648838
58.76558200931417,100.0
25.93752596475677,17.137447395540097
66.71692933014386,52.34081126146896
42.57837780658365,79.15971300242873
32.89374303269336,69.82948034715096
40.33014510549956,60.67354861660555
52.85058263129875,49.955092751775865
41.77604757124557,23.091650206096578
42.564545709110234,55.19511162278027
47.39862339516876,89.06921124774985
80.3418044668439,62.68229983449033
49.511384446361944,67.45543146691932
46.45455572054265,54.708301351916276
31.560277021792427,55.667876367956346
62.15767232148145,83.16120854855954
26.955941259672354,76.3287958490026
55.41596457946766,36.31466373952428
76.46863002049452,50.99757065466271
22.8171885626754,66.53547289132926
79.89019015344718,49.418648822216575
64.62680735020918,0.4007671520523445
24.329359665430054,100.0
46.82585206682974,37.58238662553117
68.37478138479753,20.104702380987653
56.311389831562536,71.92044987329821
47.003847889825224,30.28619095158649
54.22425717445599,21.628630332068656
49.6845028856337,62.79301562132848
37.60643408761287,27.092332288339446
47.751572790680214,58.11548236866864
38.24179723190839,26.732468277829902
69.1945755580315,68.58346973416727
51.75190701426563,0.1834257822689208
71.24108006867968,8.337451809495304
49.9945417462881,72.95626812663696
57.30990982462031,73.18736263929966
36.4758148073751,18.4141146291373
53.0465106041901,100.0
69.5142627088483,15.712654649129112
68.33532286351003,33.263567339012994
49.599842708191524,43.36113679941084
62.852198580783096,78.02297362439161
39.98460760304759,33.67812895024548
85.35810613370953,63.83922763980121
58.43567050048336,44.72905980043782
70.8552541770092,53.32562401286935
79.97403424128669,77.42062215845291
53.89771400863418,66.03328932182623
52.54796426127963,14.95337302833897
34.1713418139071,73.70839234819401
39.3520797195323,38.546556684937265
48.63500332126356,61.42060936839788
64.17962033804486,26.122879238200195
52.681114145195394,0.0
39.68171278471254,65.45927391277617
39.76749316735639,40.039036775364565
90.90511652878567,86.50445258175209
56.55834020950574,37.33558587947246
42.50841661688399,15.2853174952948
82.19050979452285,91.7971861920075
63.769630631547095,63.67250427425443
57.12176597417018,82.92064950664951
43.51386032344546,11.364270752332102
53.02852851553363,0.0
32.819189084762584,74.30216224461509
82.27708667260791,39.317621801794765
60.59837163675256,55.76976824379089
64.1704603941394,36.68907519618161
53.24654758496658,69.89756167781637
77.572108218384,26.225611081446566
48.504314156790095,69.93668200949404
44.68105310664121,54.62426396511866
79.01059722640112,27.028971316902062
54.85462501409658,20.393135251251785
43.180431575641336,73.71793010200857
80.17920459468216,34.238419163049144
52.477118096036925,54.76277868406458
55.25592697459333,41.30615334515807
52.69743901366825,50.70804994740872
58.11295399922965,19.631984124163882
45.53817862251575,61.265808516757836
78.41646908579466,25.662710192671877
85.46551943679208,24.94835540856392
59.99529318530651,77.37290567416169
31.495877689189673,71.97671229477332
32.36333452987273,59.00188688008931
58.88330383388189,0.0
37.05679021177818,54.16195293377273
49.06529506813925,56.80698504147804
49.67884366278533,39.18355946378353
60.48609582929931,0.0
61.93542491848693,62.196969316282505
45.65423931079622,0.7469269428365735
35.984687302648865,78.50839918595395
70.15951209495341,67.30005040415867
49.71424371593196,60.37864144996957
31.99891836641653,60.97963433762708
61.740621883508894,36.36864801543656
57.05938051230225,39.53092018738145
36.70109879758358,62.5295065876859
59.17788650748406,89.0376155471595
82.8281007197126,33.39658545900268
24.45906161727152,41.33361519382454
76.65143550145764,17.20866532124095
30.850106806935457,64.22979221066055
57.50266967940407,40.937592746974076
40.59309989653638,21.950087386229256
47.18845221928666,53.46378665197797
32.41411393395354,54.25787402635926
67.41878407250394,89.14838054612422
73.46327028606761,91.12795780904226
43.05838127319808,15.037384537373704
47.235489686836786,76.54145104530025
70.83939415818794,54.81225733453893
28.204320426176,73.36331688482821
53.908041046693754,82.51145137919535
79.19135410219201,58.51252944589836
51.802293780893145,62.983201764053995
62.44999458025299,7.870517133891118
62.889554254855426,90.21544305185628
36.97178738289778,25.439170144216806
79.93356962006244,42.496379561833045
41.784296554959234,23.83850606001051
53.186550853201865,9.125656921533087
81.89112111026384,37.0251083753125
92.00121607788954,0.0
61.326541437991175,0.0
47.08986761114022,14.17873332400911
57.13877890663594,94.58803980214742
58.089388480778865,0.0
64.84053664856444,52.52998408368358
80.0797779923513,28.803252686772392
25.47809639445843,10.63486506383144
47.770989091715606,0.0
63.6756652163847,59.71101839879332
58.38966327974793,92.2335340719152
46.326659473793065,65.65208244148845
58.68077200196306,91.10139578558089
57.382540645505514,38.82245644533877
62.03189935578555,7.05691064590894
26.30186133231574,25.10245688218186
45.42426977333612,80.79479397233523
40.784629646029,72.49909560253617
39.40713169026266,53.61748356712937
60.409445510714214,86.53987362469304
53.71752158299901,7.53168903598828
35.39684635718264,63.429488463381965
58.38636647518797,76.87860272743964
83.49509573912772,79.9625457651346
34.611326885599965,44.260840392957654
54.264104940837626,57.622892587593
57.287744334716876,0.0
42.34737293228486,99.58424615373742
33.990815148566185,100.0
51.47865445866774,15.377232577762458
80.43771461813321,28.124720827995297
50.88722545066169,100.0
80.6202405292535,72.60250951645736
39.498589884983865,82.63136566566857
54.16062315907576,43.05389801805943
66.16359400131353,52.30480844804806
59.46260930139632,60.76526117976013
27.714807659784494,34.06817790100563
61.378307179831154,8.09690357232204
33.172152828151575,81.72379286066383
69.25793355356463,23.55322485627578
77.78717630552669,88.45296739497493
46.28290460339301,37.423653205665744
56.18152854281608,0.16946351253630823
48.504173963029984,90.33780420094273
13.38336813606997,16.43734909922314
54.99982752806296,30.863615177101334
57.36360376995023,70.56981643253732
37.35862704580875,74.00379030323028
45.48207504105293,91.78230060840104
35.94668756528097,96.47411721914484
43.55610728959287,61.16652940962044
56.7886419242657,24.33695167928476
75.000401683301,70.4018615732473
41.73713487835637,55.50809874878089
93.75648174746502,34.355110235234925
66.28372521552461,2.0652138973690986
80.04294252573054,61.36978605827831
48.92808433020517,53.891718780221204
44.37836089061671,43.66572418116388
44.12651815427556,0.0
32.54964453678553,53.99210883268598
95.58073631481409,4.92397169074475
49.58538562919204,0.0
72.17727665114681,29.534602823748994
56.939089072590924,17.50777189705281
63.47146267703125,41.07574165206938
41.02927085785266,66.37031548264041
56.67985814057085,20.65370489623199
50.55871715586469,40.03695972940992
46.44600311116525,12.37932482713283
44.397534808640486,54.894091244679224
76.20592480464605,13.3474879512821
65.74370688578044,83.45156199742551
42.10113257192909,69.35897519200562
64.55565562164315,61.49014620551193
74.23954325427724,8.864009158591232
63.64866734140751,71.28661614235425
58.20432348314901,42.02422089424122
48.580525421151904,29.381474070162906
39.434119199700405,56.670283886356835
61.58923324123827,39.853711077383366
42.92428569572864,27.612492266004367
28.426322663784546,34.17985515289871
40.87910669112111,26.884423166779847
58.66943807264655,70.7400521945218
41.54388877528101,46.916788384352905
45.6468759204905,72.38234662263032
89.94674210373319,20.323949945282695
71.48558602250628,0.0
19.131851398002887,72.04171169098345
78.80985227715745,25.917111644152484
21.725386577325246,34.88721835369916
76.92917768462114,38.58149820887936
42.7020441360061,71.17899478904012
67.54181380341602,40.165979747505475
28.96334617567991,44.67311937807318
54.03254760756249,61.42719731635941
77.54278149946063,82.32938680861336
63.888739780897694,37.740755249985575
76.85070601346008,36.270408897658626
33.4110103483723,92.49656646753934
40.95821232682524,75.63758710252907
62.99569795711589,56.33657162385816
74.31295396317138,82.66029532091449
74.78105318086021,38.25840096147796
74.56027965399636,52.00457000833997
34.22306779002306,43.86128335889253
61.31669396021215,64.29344505600324
63.64475040241215,3.701360202552644
60.77632333738683,62.859993307190685
56.2170597772933,38.500438601681424
59.85439237866451,30.05596563721985
75.2376625366528,53.63380626546093
31.34007181534564,25.642344417388387
39.57810359780575,45.14315763476726
24.144420898910983,51.05459764871113
31.548990144685465,33.57573106057066
51.471774605897735,75.83827516798735
76.7506071276721,30.631557583534285
61.2150553511254,75.64880984684525
59.44100760090432,68.66699272040493
45.61231430316417,24.285492845536517
55.79909872611065,9.319724096422243
52.36306082203167,99.56219731236655
63.4916599951057,55.104944103762605
41.089257328474545,74.80865470485539
34.726963916427735,89.51367458965136
80.69711971740816,42.414493590337905
62.777767601454116,53.61765901489253
47.35103713014336,62.770217205724975
67.70215870412171,35.365983426694164
32.7254950262892,32.97365424112545
58.651438264350354,34.45901803962649
67.02677094265121,89.55105452240684
59.52340388638886,0.3421124113170467
31.36817902891743,33.518132521454056
64.19415588565188,0.0
64.97994861544345,55.55699780752133
36.24963887943794,53.16186170518462
49.276524053521214,89.83701557322867
38.93485259992636,8.282384676411933
66.29856628310544,16.158177738557953
63.48712214475957,53.519987919778536
70.89223548210656,40.24185207108094
46.59366983416005,54.952884843158266
69.17002962167575,30.289191816036883
48.370707936101844,19.31667421788529
53.051831619513365,0.0
44.39403516687277,64.74927060605083
64.58548042107333,56.035341771413485
71.49079171584509,27.14636658219293
59.359783422080696,4.84023022315203
57.612107232881684,56.153754896014576
62.18043752302552,37.61353881281089
38.73127562656218,41.14487088984069
29.63072014891489,68.97139193703153
41.090686951083704,42.050647918532555
51.92677417329865,19.698139569137922
48.9634584789498,32.224404880835856
47.17871299453259,53.58857235070587
46.69579515962052,47.64013776063871
31.544717561394105,36.7169819691881
67.08077799093735,8.224115267180448
55.631221237157334,4.311825986297378
29.212626050773657,74.64457921656451
78.10119830133776,49.49504865729257
76.61985694996822,31.3203042125728
50.21376388055037,60.99543850390635
57.91319306999655,59.10489939260086
95.192102302028,53.71825328088937
51.827470785039765,78.7610762471993
46.67611480567314,77.74493175337066
59.453044124118875,2.056393473443182
88.66585906141123,63.300132272981614
70.20466637929245,70.63803771392023
41.75496427114324,95.13057409544686
49.24573586142046,23.371478448549922
64.34617194453315,100.0
1.7117780582974254,57.511206032324374
41.22015784496272,97.5018350370075
64.10223529493761,31.376344313621015
69.69106497238197,64.07869885117701
59.48290554041984,37.891090437398304
38.48357128184141,27.95175345125
24.766415328969167,21.90282154173131
22.32791433195501,29.92119503914735
56.11007993025236,36.10480336571254
40.516484665213746,45.538138803243555
71.55130906755289,36.49575613731905
54.93852027238681,11.074285474705022
25.24884554818094,42.49395131922974
77.29979917986805,60.52263038953524
33.772478284994506,17.87323428795528
52.33585117719705,30.891867757366384
29.98024773203733,67.37265404487934
43.566481726625895,70.405680964515
49.003294424410264,36.909799692985466
48.259609870396964,81.96787118658273
55.79393485993118,69.34809946476878
73.23214639059805,93.91197325782481
46.37941364009645,15.515748860347319
29.986218481383606,33.8722672091501
31.603380463346177,41.42148060988006
57.07163512151177,37.19600768483213
52.14519529352664,12.532251952867396
54.961003869931254,38.139399941424124
21.62676887069914,100.0
62.77666637695746,31.49792036472952
19.8575066918824,31.62578851689733
51.537663104066965,91.46894397729612
53.71811389710608,42.476702364555145
54.480945649878706,7.881249199347282
50.271777883501315,60.3531536020347
45.84981150331334,61.96076167455402
55.53644228990542,82.6534987075304
61.522577867919885,53.75518657679799
12.279966357051531,30.134657728916682
72.03488142783112,54.08367686008372
33.50966335620259,21.458841887691868
40.61733318627037,70.49493853675384
63.24085074418633,66.42985012311328
53.95966222664828,41.30933600273487
74.37196441551626,53.17922234526136
50.906308745436256,52.91803243418532
55.957460078178705,65.75256891754013
78.75998059061037,54.09716770935439
51.90465502106026,45.26745678531951
56.2540920818517,36.762373774545985
45.42845537726478,69.99424175445674
23.959949878663494,100.0
70.69570197849269,33.01741334486899
35.457944207195304,99.81993939096516
48.63146582588197,44.189140974780926
48.7024886416182,53.22334334842434
60.22691260592002,62.53904109763501
58.31699757323372,39.49401316653789
67.14116550957048,43.917444074917974
45.84620355805988,0.19638691957428825
47.197487467286905,91.31380522125369
52.09678535775654,0.0
79.70662231443823,59.896365791032295
42.99017597346908,4.605473592628019
37.44574323952394,51.63444639059798
88.62236928247358,54.39136522376297
46.55869502779916,88.0723363430787
19.52267905810586,16.44521487093902
56.252186665454104,17.104407137022065
64.7900093047093,91.56601468749166
60.36794486670562,37.955887279365825
36.62544029437387,29.713481489600294
58.9910500009352,59.60278264797776
73.71199996961302,73.54319362258745
55.726576657151114,24.346841681794473
20.910060857660017,100.0
68.09830134805512,98.84046541729813
71.10644703470383,37.23010001382683
81.69992161059834,99.82768301611848
42.043993631566615,83.59934903179672
32.49046187180834,66.18153284851333
34.98333136578257,19.206185357975468
77.97994683776567,20.144183699228293
52.740229472629906,6.7984208993836654
48.66616849123538,44.16682531118376
46.27940251633875,63.102414556597694
47.70730229451728,57.52714386264041
43.54242295871409,31.56223603388335
14.679775122019917,94.70777429068342
60.1708661979475,0.0
61.77598346460341,31.41946473156242
55.02476811493823,62.79538063572605
31.751918160881278,29.437217781820568
57.201040595088905,11.44410118954655
29.444870958935816,21.394886040160266
67.10481282904787,28.61172111260576
55.39443821506448,61.182903517862265
64.66750403695933,72.5329504362604
60.80574169619517,69.43571700555779
29.027885819441597,13.917652489255445
48.8999422666535,41.54061351190321
33.67932152997226,20.49454750597188
84.09728440184271,93.65958954066969
41.7585185414947,56.18021160057414
62.48599678609868,27.801293596165596
42.65508292746902,43.67344855685758
66.19335446267412,8.289058825487539
54.62294740017156,19.95929177563871
58.93033469843503,23.730577345258325
79.12537221337163,16.412816143609422
57.241103833872046,20.40128059768532
36.60764127080356,27.43817037416895
65.48821755740371,99.57458535015486
43.17163025608169,17.313115529340397
52.77545142863953,56.630981107661675
40.32116404071165,53.139624630147935
32.28376859312441,63.0441568574377
71.95161479171897,26.055825947009854
63.57417898160792,76.76680523587828
79.66441227608068,65.49876982299436
45.139729944390396,78.15603386753124
57.939085628721166,71.2599359867149
32.786896931426185,40.86419804633554
51.994636860926526,56.99561467463541
56.76054237306804,84.07909474531371
75.58730758925562,37.873995966985674
25.884847400686102,22.409670134023415
55.644927342994315,66.86759477836893
51.61342803970281,63.27547446753276
65.06786458709959,51.58134919248346
17.92269647576391,60.64674364709155
38.18159798567809,42.874623410364215
48.16872787160095,68.95762986065071
41.796318940028165,45.982108902270014
58.49164378973001,28.820458757942372
27.548744876305438,17.652449408907362
61.18477553534881,31.27118536059953
47.73873875103109,22.04505889623479
42.38294805182348,61.82735674784728
72.57827157747684,2.153787865197796
61.0286328977632,59.00925395619324
54.44384880738704,83.12075373608319
54.328964815643715,53.105966850408045
55.54702375893596,43.389989458380306
49.8890828822774,39.435481249909735
73.78535228945289,31.47383605886737
41.80428512726698,60.456848578021685
44.64300796441453,18.007885859600577
83.09344796346959,33.21001303120576
65.81715281942314,92.11760909049322
51.577171754739354,14.391195428898811
36.62070733131867,68.07304788536337
38.1086492381036,16.080356830178683
38.519439490798625,76.92581645109117
51.46107984030155,36.74467679115732
55.99971012754435,58.6118989869329
79.09834531698037,82.99813170367553
65.67850195937534,64.62696660841345
60.01842086993357,18.619361105621348
76.03875254772557,79.76812307501845
43.86415079364698,68.79555493648796
44.398341808719096,81.31223343485357
33.358556702358975,37.648129137699215
86.09462078207126,35.839145501690886
45.81174575509805,27.17418416372094
42.84536364041879,61.00326348286965
63.78675976924654,80.10916908659162
55.86894750016507,43.914943515856464
37.38103950830788,54.72396119549529
64.15856832853211,99.54737932005501
40.100384893218255,73.66538176305227
59.86669894978915,40.65264446658958
47.09673379411558,18.24070299385835
75.3486341967032,70.70528593269732
92.90192108009589,15.60142833391966
42.14833199335082,15.237199024328495
38.4753410545775,66.78099743222667
40.95769991149964,99.55578303016499
68.43292066312397,59.69725819487265
77.02271774992691,51.10305054106817
49.19938755495269,32.79504997530338
37.64350728300592,32.316396201843816
56.53984730558533,83.54031112438162
51.45594163108732,73.18780510879708
60.86949203127739,71.11357801412379
47.197533433826635,33.3661987636506
68.37735507596948,24.900456928027918
44.666872564200574,27.168449563555054
81.07420648489416,82.94707041368837
60.705998070926924,62.93916666510387
47.91769964566126,55.56539015796155
37.5695794092107,24.22058461554345
20.396145849435847,57.64955326747944
83.80868582478324,17.93771680034629
71.29184830366505,62.12046173435844
46.34715866332902,50.83181036443382
50.55297595594502,79.70951955778536
55.86697373045623,32.78267788726519
47.850261008770026,59.6160244875692
85.5595130343266,5.034664310169266
59.82636447078534,37.96203867198509
36.12753817372739,41.07868066312226
99.87398509564419,19.566297159046464
37.621949175892354,48.980058588816206
51.00192262384564,75.37728060606258
56.31212257098081,53.498552127973035
62.11657160152259,49.80251190088141
59.83509316978618,32.73450535939166
49.48877805119636,92.46202528277908
72.46827367043375,66.60260065445341
51.63219142358723,70.76669351378794
42.42878104678993,34.981899324386625
23.230855433435085,0.0
58.13820287788787,27.509114265007664
63.64413746516919,64.78292383410974
59.021605339805696,58.895033775348146
43.886347205112195,36.02685624963516
59.67099236903512,39.431501852436966
35.776116452153865,26.732053812019043
79.03170259318544,7.123712075565966
49.0338909055126,44.62102872943351
47.5749471290645,40.66895395018877
57.01476935862657,1.9223573233379505
37.72317405870358,62.69898139195243
88.32127343004252,14.81577625411879
68.2277443017631,44.974913680246836
40.496724262813146,40.563920115789685
37.56101911158696,17.058346635652445
46.80222736748017,83.75115820635453
49.96473446311206,91.00452790521724
57.1105996221889,32.62914282006551
37.56155997205741,76.47567163800089
71.89527566727762,67.95211345069946
48.15818455736348,90.09321884056843
77.88080941169294,100.0
33.921819393262595,71.76547276313846
50.57836353259658,74.3383097388583
77.63148603807579,57.12104418078561
66.34254231900489,82.96257980253273
51.02168116380243,46.21012794593045
55.25183552842698,10.007565476583439
69.5858360127187,100.0
27.434922946696354,21.43091833072852
49.85327301277973,37.809431835638776
38.03006194803745,28.650076013069768
76.12604404256938,71.69156521424706
22.97941671126548,41.656203426420625
98.1690159992075,27.689583577138745
70.61618737233341,64.78733571693316
35.10159738962946,77.97327116415074
44.22726193213867,0.33824461068217204
64.89987240573839,62.262033287428196
89.57255032331338,0.0
55.65048521373848,28.541373464991572
51.491571965235394,65.2707617297799
51.52461454630706,11.521845574170493
44.52268401730937,40.518229175164294
55.78210051392854,41.25977878897054
41.62122771924287,51.716825358969004
76.19992290949241,63.369302132490084
38.062807939614956,71.03076374217542
41.57702081964138,89.88337139313113
73.2180131995144,10.271246282481451
69.45652732009606,37.815884670566476
64.84578783425121,83.24032111095389
42.63540176951397,25.00324309847196
54.467050448620704,38.837553489809544
75.55164480221855,61.662844218069125
44.14714256344707,30.280843901317304
67.12291135475657,89.7013032736694
41.06435645415446,92.26198404100533
65.79495981785739,17.353797203437406
49.11133914749668,90.01486514920025
57.80314148375956,82.41176615213105
62.477367139979904,10.78006375186006
77.71020895425167,16.407207309430667
65.22060739683182,58.27015404705068
52.7019500648157,100.0
38.9901945300532,9.695021955227901
67.90514985557196,89.26995147060019
54.1013420517089,76.5615904855534
48.02244952842041,66.77550504087658
74.44601183779606,84.46459276718967
47.18783141548574,0.0
40.03506768458847,12.650251776449554
80.40463657354022,87.26805175993682
61.319247730590966,100.0
84.9896663723058,76.64432157309655
43.00570723147748,7.885628017477427
55.812646084803085,13.241925595225565
31.00870703160261,0.0
56.4770858458851,12.242936009219065
46.79638806596306,0.7498786843310147
42.625968640464606,34.999928215476665
41.988394076246784,0.17362435417898694
45.668694020153765,64.85731799675881
52.01497631322571,59.389694361993385
63.19898412341557,72.08587161354242
73.68859983226214,75.64785455271432
60.190699602555284,26.366067982574048
66.4321745654393,49.93087892975496
50.36424260814086,51.465410697676845
30.336018171777006,44.493642585467384
13.09085772968598,61.5969924430463
45.76914915212891,0.0
65.3240528170379,54.57771711476975
48.45964721261469,15.930270267780305
73.81318789703718,62.35358390345501
17.933434659888086,62.595232082909526
87.85553256718308,33.756607243134106
47.05650031141975,39.55616769477752
65.74671043473242,44.48136195309524
27.919311140623726,10.530589449100866
74.5356768428967,72.19182687983937
86.67336214116129,81.0340381764319
58.23208552806967,71.41551494026766
71.69397501748132,33.74422510247828
58.06389123512037,94.37751692779575
41.78572723801875,62.619602577298764
30.739696398126323,27.27826800487288
30.664859577535506,99.72215326304493
57.329897419152545,41.506813620257475
81.36086652581554,43.938762344808524
73.94528969863421,17.201168069847636
70.66159159930685,35.59980397102827
61.720180772681694,32.02835295947224
43.31749747515477,73.31255765363115
41.899413683288515,0.2500104722376025
50.218240178474694,43.158501229698075
91.08180662703211,7.0107962828913655
62.15807780329838,15.919096932308072
52.71177097638768,80.04362020370303
51.49150043858891,14.308508237185634
32.162590704152144,31.570963267978698
63.03289496162571,73.94414332217153
42.01507059010936,64.30961121620086
56.776879074896335,0.0
33.870009650660066,90.0338611172441
99.66267385941786,11.729845745777915
38.92659813304968,0.0
63.26631604513068,68.7960307870388
78.07977157211194,97.76167041933171
69.98394633999254,54.79647916179635
75.66104257909421,0.3902576031248615
57.87149043055428,17.4251480037008
79.10442405094145,55.94278763205646
64.46111870329993,24.966746174300315
71.7183001136033,21.431874327636873
25.494289353332398,41.240566012799135
64.00319413288848,0.0
18.140672072945378,56.87048889627421
49.21041987957196,73.39737872028637
50.044756354921894,33.47076181409933
79.16952943321918,28.667044190890298
29.389674966131903,27.18686064188721
59.54755513112943,51.27670024865176
69.70518481989393,42.58850281158897
39.028424262708555,39.14097744998247
34.20757334717634,39.11322464975755
71.47866227197453,21.64561663104383
74.03607548880798,37.14270652778375
78.93635896191557,69.79544507263638
53.95497369601674,68.81792674772882
59.57017607882535,27.821206639094594
47.68203843466578,13.836957666590083
27.72993038220699,43.49570329283048
46.220881284711034,46.08791721747335
52.42708013083324,99.4398082332514
69.26333923112668,26.263784145390122
84.83026312346016,10.871772670868568
48.53147929133422,38.18333534532003
64.92180027633678,8.271924388238672
67.86158327583681,100.0
25.46879643005497,27.564998719802105
58.185787382521816,25.786082557440412
53.396245761002326,66.97732906073469
47.97386418642141,14.551504378915192
58.046994771543226,41.37343175329391
36.38436237411374,97.18136535399961
17.046411988675267,53.52034973136746
57.754805476804194,29.107993117344066
33.05594887851481,37.97702489844032
62.13689930125897,38.453612468415564
37.941615920334634,25.02038570053389
43.869781350788,84.36521048847781
39.233771450912386,66.72200927076749
48.61791315530184,55.70747548924346
89.93420109957827,50.2421119815879
64.14092069026573,92.79702499597961
63.158122550228,27.597724164441683
2.736040469327419,34.79365006072882
55.67330878156196,34.10006678427255
73.15276222028677,30.62819287323213
62.63974062133737,27.233672970737278
51.67750227734688,57.38123520811498
50.240846338786696,59.04582833707526
66.9862261807732,42.97046550858032
98.22903203441886,29.651345045833875
45.83244234355528,81.76568606707542
62.206106501046314,22.81953241970844
46.90059470480924,72.144499803011
44.99298422949603,58.3196915545526
53.16771628845831,58.78265185784704
41.51161451580029,58.97670084946891
69.24536963885019,75.76968443544088
89.86440570094227,10.133320235326416
69.7901159564495,67.31867845167427
64.3331284138683,31.054191747199223
49.17997466987008,68.31135346122349
64.26048134437849,60.4263148952467
58.48382375982707,30.56813331283058
34.87776674678856,63.599720551400964
68.64987842292683,40.11575095054811
80.53267819283964,25.21516263569568
47.08045357987434,29.41298500657831
64.53622388682558,49.884038129603894
90.7282016880491,16.9540763886316
34.722629153639446,7.164883604351335
47.77348443407685,40.015809889816275
47.38755384423459,52.62164391693886
52.120396255741944,99.84503949498358
42.091976225577916,33.13958823135099
62.04702861303983,40.46337740515164
57.68230826441182,73.87165910229572
55.60052986298241,39.65673800875494
35.179802205212965,62.01303027314967
29.676102720456925,44.38882532213935
45.71662215138156,80.29044711318423
49.9028108097783,80.19463716729338
51.32135356515941,92.35148512377192
57.81795591156078,11.57482483190077
60.20949423819778,15.744771867153874
73.80695125618304,65.39953969028937
28.849092014842746,74.38796121875913
61.00109586314794,64.47429213705693
45.49078131881829,77.70018676146213
47.87589477000266,30.175430750873016
38.18423215104931,60.92932738344658
63.88111108420185,16.33455793011114
36.55545103099058,49.46722937389204
35.85157318967367,58.68556821406349
43.355518924284226,23.34844336942738
69.8190280191752,54.246664623935516
76.00947386548125,39.823393165738125
26.999677034233674,42.17497819850041
59.919366119273796,66.08266383231494
50.66998298404164,79.6399440931748
49.10031451999817,28.00323540287763
25.862045159744977,63.20009698028928
55.15904835501802,84.78569813269824
54.13495233544877,5.744197341178044
44.72722593820171,0.0
72.13087096149395,27.787276466012912
66.0494752217223,20.99926799160877
83.92961568340804,93.08295987622218
39.25311968171052,88.2397758435418
63.94975379942958,75.60552708818248
43.56118994412965,34.79406567923672
66.83620510583921,24.991569005506754
15.020168344322387,42.99363836429105
57.97424227485668,81.17716513035502
42.67877520272317,21.281576517205725
60.485418985443715,40.54954197935348
75.4291625551769,0.0
47.98910439891745,14.933183007107782
60.85920967785936,62.75597542401732
75.46863658230703,49.80463831851765
35.22686304956129,0.0
18.683544699911288,86.85009946162917
76.62619756303023,52.44421251664947
52.07391543773946,27.746348198320476
36.7141694915031,77.79838704870483
58.65518419075183,100.0
59.583581487926644,32.339251561240644
70.54089869414862,55.09304905464369
68.98606102188437,49.60490289816986
52.93684868773367,30.831510443335556
58.343616675507974,68.13086847148367
51.7387372058108,100.0
48.11847776959424,50.90099107223991
43.31056693460997,53.89000940807959
53.80706120747026,14.998483499985394
84.66497986523092,0.0
54.88041810223402,78.27287293443067
50.672412225969985,79.99400936686001
38.14076209825496,57.201108702555246
17.771498467828415,71.56134652612327
45.91593667109443,0.0
24.792129473798592,75.03216211073546
63.91472457133835,61.27973871165133
56.107607745815805,54.60125256897917
42.98919950875485,18.733098964415937
100.0,31.35329919406072
